entity_id,manufacturer,family,model_code,canonical_name,lifecycle_status,refrigerant,phase,rated_cooling_kw,max_cooling_kw,cooling_min_kw,indoor_airflow_min_lps,tcspf_hot,dnp_reason,dnp_updated_at,disposition_evidence_id
462c3a4e-2515-487c-9507-70ed8b03e861,ActronAir,Actron Classic Series 2,EVA100S / CRA100S,ActronAir EVA100S / CRA100S,current,,,10.16,10.16,,,,"Official AU manufacturer data: R410A fixed/single-stage Classic Series 2 with high minimum airflow; unremarkable for low-load/small-zone objective; retained, not removed",2026-09-17T04:55:00.433375+00:00,
d8cec6ab-25bc-4247-8241-0f83f44a649a,ActronAir,Actron AIRES,EVA10AS / CRS10AS,ActronAir EVA10AS / CRS10AS,current,R32,single-phase,10.00,12.34,3.89,400,4.45,"User pruning rule 2026-09-18: confirmed bottom-20% TCSPF strike (4.10) and all other available percentile characteristics at/below adverse 50th-percentile side: EER 3.36, minimum airflow 400 L/s, minimum cooling 3.89 kW. Official ActronAir data.",2026-09-18 06:44:29.844487+00,
898f6c99-21a6-44f5-bc78-d2f5bc8c99f0,ActronAir,Actron Classic Series 2,EVA130S / CRA130S,ActronAir EVA130S / CRA130S,current,,,12.24,12.24,,,,"Official AU manufacturer data: R410A fixed/single-stage Classic Series 2 with high minimum airflow; unremarkable for low-load/small-zone objective; retained, not removed",2026-09-17T04:55:00.433375+00:00,
782fad63-43d4-479d-b35f-aee6e0828eaf,ActronAir,Actron Classic Series 2,EVA130S / CRA130T,ActronAir EVA130S / CRA130T,current,,,12.40,12.40,,,,"Official AU manufacturer data: R410A fixed/single-stage Classic Series 2 with high minimum airflow; unremarkable for low-load/small-zone objective; retained, not removed",2026-09-17T04:55:00.433375+00:00,
70a1e53e-71a8-43c2-acda-ae50aa1d0f99,ActronAir,Actron AIRES,EVA13AS / CRS13AS,ActronAir EVA13AS / CRS13AS,current,R32,,,,5.55,520,4.50,Official ActronAir AIRES April 2026 flyer confirms cooling minimum 5.55 kW (>5.0 kW hard triage threshold).,,
706d0e93-db63-471b-83f0-42fe08f80abb,ActronAir,Actron AIRES,EVA13AS / CRS13AT,ActronAir EVA13AS / CRS13AT,current,R32,,13.00,15.32,5.49,520,,Official ActronAir AIRES technical catalogue confirms cooling minimum 5.49 kW for exact CRS13AT / EVA13AS pairing (>5.0 kW hard triage threshold).,,
5f657226-1bf6-4859-8060-bf578eb2678e,ActronAir,Actron Advance B,EVV13BS / CRV13BT,ActronAir EVV13BS / CRV13BT,current,R32,three-phase,13.00,14.50,,,4.69,3-phase system; excluded from new-install candidate research.,2026-09-18T03:32:51.233376+00:00,b8113aff-e1bc-4db8-bf15-56da42c9f9d2
87494a6a-4cfc-4665-b5c3-7bdf8228a913,ActronAir,Actron UltraSlim 2,LRE-125CS / URC-125CS,ActronAir LRE-125CS / URC-125CS,current,R32,single-phase,12.90,15.00,5.00,500,5.57,User pruning rule 2026-09-18: automatic DNP at cooling minimum >=5.0 kW. Official ActronAir data: 5.0 kW minimum; also top-20% minimum airflow at 500 L/s.,2026-09-18 06:44:29.844487+00,
4b5968fa-aa9d-40d3-82cc-d5990a600ca8,Bonaire,Bonaire Ducted R32,CTG125S1AI / CTG125S1AE,Bonaire CTG125S1AI / CTG125S1AE,current,R32,single-phase,,,4.0,460,4.71,"Pruned 2026-09-18 after borderline review: official Bonaire data show 4.0 kW minimum cooling, 460 L/s minimum airflow and TCSPF 4.37. The 10.5 kW CTG100 sibling has the same low-load limits but materially better TCSPF 5.08; stronger 12.5 kW survivors also exist.",2026-09-18 06:50:55.431937+00,
23136be6-0b2c-4406-a341-588b2935bf01,Brivis,Brivis Ducted Reverse Cycle,AINHU11B1 / AONSR13B1,Brivis AINHU11B1 / AONSR13B1,current,,,10.3,,,,,Excluded from candidate research by user instruction.,2026-09-18T03:57:53.548627+00:00,
2ad85e7e-9bc5-44f5-9630-d1383f79c3f0,Carrier,Carrier QSM,42QSM105D8S / 38QSM105D8S,Carrier 42QSM105D8S / 38QSM105D8S,current,R32,single-phase,10.15,12.05,2.95,326,,"Pruned 2026-09-18 after Carrier sibling review: official Carrier data show EER 3.14, 2.95 kW minimum cooling and 326 L/s minimum airflow. QSH105 sibling has the same EER, nearly identical airflow, lower 2.4 kW minimum cooling and higher available static pressure, so QSM105 is dominated.",2026-09-18 06:50:55.431937+00,
3c8311fd-e0f9-4f99-88a1-8bf1e35688e8,Daikin,Daikin FBA/RZA Slimline,FBA100BVMA / RZAV100F2Y1,Daikin FBA100BVMA / RZAV100F2Y1,current,R32,three-phase,10.00,11.50,,,,3-phase system; excluded from new-install candidate research.,2026-09-18T03:32:51.233376+00:00,2652a38b-45b8-41a7-bef2-39a5744dbbfc
75bb37e9-98c9-4373-b0ad-e19e42412ff1,Daikin,Daikin FBA/RZA Slimline,FBA125BVMA / RZAV125F2Y1,Daikin FBA125BVMA / RZAV125F2Y1,current,R32,three-phase,12.50,14.00,,,5.03,3-phase system; excluded from new-install candidate research.,2026-09-18T03:32:51.233376+00:00,1549983f-4a01-458b-b9f7-3e682c615365
41cd052f-ef1a-4006-97d9-142374dc4811,Daikin,Daikin FBA/RZAC Slimline,FBA85BVMA / RZAC85C2V1,Daikin FBA85BVMA / RZAC85C2V1,current,R32,single-phase,8.5,10.0,3.2,,4.32,User pruning rule 2026-09-18: two confirmed efficiency strikes. Official Daikin data: residential average TCSPF 3.87 (bottom 10%) and EER 3.22 (bottom 20%).,2026-09-18 06:44:29.844487+00,
2e89a18b-8466-42af-8060-57edac25a896,Daikin,Daikin FBA/RZAC Slimline,FBA85BVMA / RZAC85C2Y1,Daikin FBA85BVMA / RZAC85C2Y1,current,R32,three-phase,8.5,10.0,,,,3-phase system; excluded from new-install candidate research.,2026-09-18T03:32:51.233376+00:00,a3ddbe90-f7cf-41a8-a073-7f459ba6d9bd
122fd9d0-9fa6-422c-933f-8ac67795f8e9,Daikin,Daikin FBA/RZA Slimline,FBA85BVMA / RZAV85CY1,Daikin FBA85BVMA / RZAV85CY1,current,R32,three-phase,8.50,10.00,,,4.80,3-phase system; excluded from new-install candidate research.,2026-09-18T03:32:51.233376+00:00,34d2857f-05dd-4b40-91a1-77c27934a8fe
baf17bdc-52cd-4450-97b9-c87085e00c79,Daikin,Daikin FDYA/RZA Premium,FDYA100AV19 / RZAS100C2V1,Daikin FDYA100AV19 / RZAS100C2V1,current,,,10.00,11.20,5.0,,,"published cooling minimum >4.5 kW; retained, not removed",,
3cc71ba2-9c25-4cbd-9575-52f45923737a,Daikin,Daikin FDYA/RZA Premium,FDYA125AV19 / RZAS125C2V1,Daikin FDYA125AV19 / RZAS125C2V1,current,,,12.50,14.00,5.0,,,"published cooling minimum >4.5 kW; retained, not removed",,
ab495782-2ef3-451e-9dc0-297405afff95,Daikin,Daikin FDYAN/RZA,FDYAN100AV1 / RZA100C2V1,Daikin FDYAN100AV1 / RZA100C2V1,current,R32,single-phase,10.00,11.20,,,4.28,"Hot-region efficiency prune: residential tcspf_hot 4.28, below the current 9.5-11.4 kW survivor lower quartile (~4.642); no compensating efficiency advantage. EER is warning-only and not part of the DNP basis.",2026-09-18T06:04:53.02571+00:00,a148554c-c83b-4aac-b47b-696d02683b72
74af333a-62d8-40c5-981d-27b31438ee38,Daikin,Daikin FDYAN/RZA,FDYAN100AV1 / RZA100C2Y1,Daikin FDYAN100AV1 / RZA100C2Y1,current,R32,three-phase,10.00,11.20,,,4.28,3-phase system; excluded from new-install candidate research.,2026-09-18T03:32:51.233376+00:00,30cf1061-dea4-4e12-8686-fc5e5ea11fc9
65f4b7e4-438e-4b9f-ad7a-68c7354eab87,Daikin,Daikin FDYAN/RZA,FDYAN100AV1 / RZA100CV1,Daikin FDYAN100AV1 / RZA100CV1,current,R32,single-phase,10.00,11.20,3.2,,4.28,"Hot-region efficiency prune: residential tcspf_hot 4.28, below the current 9.5-11.4 kW survivor lower quartile (~4.642); no compensating efficiency advantage. EER is warning-only and not part of the DNP basis.",2026-09-18T06:04:53.02571+00:00,5d0987c7-a832-45df-88ac-1b1825c5e349
2a116553-8739-4fb2-bced-a7de02a511ec,Daikin,Daikin FDYAN/RZA,FDYAN100AV1 / RZA100CY1,Daikin FDYAN100AV1 / RZA100CY1,current,R32,three-phase,10.00,11.20,3.2,,4.28,3-phase system; excluded from new-install candidate research.,2026-09-18T03:32:51.233376+00:00,c441a8c1-80e8-4a91-99fc-e7a1d1fd0aee
a3cb93d7-15d0-4558-84da-4aa4589a4baf,Daikin,Daikin FDYAN/RZA,FDYAN125AV1 / RZA125C2V1,Daikin FDYAN125AV1 / RZA125C2V1,current,R32,single-phase,12.50,14.00,,,4.25,"Hot-region efficiency prune: residential tcspf_hot 4.25, below the current 11.5-13.5 kW survivor lower quartile (~4.499); no compensating efficiency advantage. EER is warning-only and not part of the DNP basis.",2026-09-18T06:04:53.02571+00:00,3cf19c4e-8e49-4b85-bf63-69ff9760ec6e
aecc7521-bb49-4b0e-bfe3-d665df94124a,Daikin,Daikin FDYAN/RZA,FDYAN125AV1 / RZA125C2Y1,Daikin FDYAN125AV1 / RZA125C2Y1,current,R32,three-phase,12.50,14.00,,,4.25,3-phase system; excluded from new-install candidate research.,2026-09-18T03:32:51.233376+00:00,2318fe0f-736f-4e9b-8dea-4129c5a5cc2c
ba92c6ec-3735-4c8d-b192-1a09a2946046,Daikin,Daikin FDYAN/RZA,FDYAN125AV1 / RZA125CV1,Daikin FDYAN125AV1 / RZA125CV1,current,R32,single-phase,12.50,14.00,4.0,,4.26,"Hot-region efficiency prune: residential tcspf_hot 4.26, below the current 11.5-13.5 kW survivor lower quartile (~4.499); no compensating efficiency advantage. EER is warning-only and not part of the DNP basis.",2026-09-18T06:04:53.02571+00:00,73c149c1-1f3e-4436-9468-6a27027e10a4
6df8af92-bb7c-42f4-a8b4-b6e4fbb20976,Daikin,Daikin FDYAN/RZA,FDYAN125AV1 / RZA125CY1,Daikin FDYAN125AV1 / RZA125CY1,current,R32,three-phase,12.50,14.00,4.0,,,3-phase system; excluded from new-install candidate research.,2026-09-18T03:32:51.233376+00:00,03afd0fb-0479-4fd6-9710-03a27bdbc884
cefc4b8d-8168-4211-8dcb-965a2756d4a9,Daikin,Daikin FDYAN/RZA,FDYAN85AV1 / RZA85C2V1,Daikin FDYAN85AV1 / RZA85C2V1,current,R32,single-phase,8.50,10.00,,,4.28,"Hot-region efficiency prune: residential tcspf_hot 4.28, below the current 8-9.4 kW survivor lower quartile (~4.717); no compensating efficiency advantage. EER is warning-only and not part of the DNP basis.",2026-09-18T06:04:53.02571+00:00,9ac07427-6c84-4b88-91e3-a0bcc0f87830
cbc83377-f6ae-4758-8d85-ce9c30b992ac,Daikin,Daikin FDYAN/RZA,FDYAN85AV1 / RZA85C2Y1,Daikin FDYAN85AV1 / RZA85C2Y1,current,R32,three-phase,8.50,10.00,,,4.28,3-phase system; excluded from new-install candidate research.,2026-09-18T03:32:51.233376+00:00,55b65672-298b-4e26-bcb3-f7686d13550b
0a13bcda-edb9-476c-a70c-cc545fc0bb5d,Daikin,Daikin FDYAN/RZA,FDYAN85AV1 / RZA85CV1,Daikin FDYAN85AV1 / RZA85CV1,current,R32,single-phase,8.50,10.00,3.2,,4.29,"Hot-region efficiency prune: residential tcspf_hot 4.29, below the current 8-9.4 kW survivor lower quartile (~4.717); no compensating efficiency advantage. EER is warning-only and not part of the DNP basis.",2026-09-18T06:04:53.02571+00:00,de556683-228b-46cb-bf21-6a32229f8715
695420c4-af1f-4165-8b29-ea6e65543431,Daikin,Daikin FDYAN/RZA,FDYAN85AV1 / RZA85CY1,Daikin FDYAN85AV1 / RZA85CY1,current,R32,three-phase,8.50,10.00,3.2,,,3-phase system; excluded from new-install candidate research.,2026-09-18T03:32:51.233376+00:00,6d473f99-68eb-437c-a294-b5a71ded9386
b879a43f-5cc6-4c2f-ae9d-040c1649cae9,Daikin,Daikin FDYUAN Underfloor,FDYUAN125AV1 / RZA125C2Y1,Daikin FDYUAN125AV1 / RZA125C2Y1,current,R32,three-phase,12.50,14.00,,,4.25,3-phase system; excluded from new-install candidate research.,2026-09-18T03:32:51.233376+00:00,e1256285-efcd-4005-8819-79c1eca891e1
6ae7564f-7d70-4dea-b095-f0d7d12ab911,Fujitsu,Fujitsu ARTH KHTA,ARTH30KHTA / AOTH30KBTA,Fujitsu ARTH30KHTA / AOTH30KBTA,current,R32,single-phase,8.50,10.30,2.8,486,4.695,"Pruned 2026-09-18 after sibling review: official Fujitsu data show 486 L/s low airflow. Same-capacity ARTH30KMTAP sibling retains 2.8 kW minimum cooling with much lower minimum airflow and stronger seasonal performance, so KHTA is redundant for small-zone objective.",2026-09-18 06:50:55.431937+00,
e92586c1-ebfe-40cd-b6d2-f46fd86adefd,Fujitsu,Fujitsu ARTH KHTA,ARTH30KHTA / AOTH30KCTA,Fujitsu ARTH30KHTA / AOTH30KCTA,current,R32,single-phase,8.5,11,4.1,,,"Low-load dominance prune: exact Fujitsu ARTH30KHTA/AOTH30KCTA publishes 4.1 kW minimum cooling, while the same-indoor current KBTA pairing publishes 2.8 kW. The KCTA remains a current High Performance variant, so DNP is based on inferior low-load behaviour, not age/supersession.",2026-09-18T06:13:14.927816+00:00,583f9742-18de-4953-a3bd-91179c663561
3a272e96-902b-4b2e-a922-0c65727568bb,Fujitsu,Fujitsu ARTH KMTAP,ARTH30KMTAP / AOTH30KCTA,Fujitsu ARTH30KMTAP / AOTH30KCTA,current,R32,single-phase,8.50,10.50,4.1,336.11,4.8,"Low-load dominance prune: exact Fujitsu ARTH30KMTAP/AOTH30KCTA publishes 4.1 kW minimum cooling, while the same-indoor KBTA pairing publishes 2.8 kW. KCTA is retained by Fujitsu as a High Performance option, so DNP is based on low-load disadvantage rather than obsolescence.",2026-09-18T06:13:14.927816+00:00,1064343c-166e-459c-b06c-b77e253156e0
32c1820c-4aa7-4de0-84da-688edf20fd12,Fujitsu,Fujitsu ARTH KHTA,ARTH36KHTA / AOTH36KBTA,Fujitsu ARTH36KHTA / AOTH36KBTA,current,R32,single-phase,10.00,11.40,2.8,486,4.642,"Pruned 2026-09-18 after engineering review: official Fujitsu data show 486 L/s low airflow, EER 3.25 and TCSPF average 4.426. Good 2.8 kW minimum capacity does not offset high airflow plus merely middling efficiency versus stronger 10 kW survivors.",2026-09-18 06:50:55.431937+00,
1a4a2218-c40a-4590-8d31-609601d20d31,Fujitsu,Fujitsu ARTH KHTA,ARTH36KHTA / AOTH36KCTA,Fujitsu ARTH36KHTA / AOTH36KCTA,current,R32,single-phase,10.00,13.00,5.0,486,4.964,"Low-load dominance prune: exact Fujitsu ARTH36KHTA/AOTH36KCTA publishes 5.0 kW minimum cooling and 486 L/s minimum airflow, while the same-indoor current KBTA pairing publishes 2.8 kW minimum cooling. The KCTA remains a current High Performance variant; DNP is performance-based.",2026-09-18T06:13:14.927816+00:00,0b476ff9-476d-471d-884f-11e787059068
8e58a06d-24b9-4720-af4b-2400fb380bbf,Fujitsu,Fujitsu ARTH KHTA,ARTH36KHTA / AOTH36KRTA,Fujitsu ARTH36KHTA / AOTH36KRTA,current,R32,three-phase,10.00,11.40,2.8,486,4.642,three-phase system; outside intended residential installation scope.,2026-09-18T03:47:07.763869+00:00,a39f9fbb-26ba-4221-b081-a034caccf968
7118a134-0685-4655-a91b-6f7ec1372ce4,Fujitsu,Fujitsu ARTH KHTA,ARTH45KHTA / AOTH45KBTA,Fujitsu ARTH45KHTA / AOTH45KBTA,current,R32,single-phase,12.50,14.50,4.0,630.555556,4.612,User pruning rule 2026-09-18: two confirmed low-load strikes. Latest exact Fujitsu AU specification: minimum cooling 4.0 kW and low airflow about 631 L/s (top 10%).,2026-09-18 06:44:29.844487+00,
f273a37f-68cb-4954-a290-9a98947e5ad0,Fujitsu,Fujitsu ARTH KHTA,ARTH45KHTA / AOTH45KCTA,Fujitsu ARTH45KHTA / AOTH45KCTA,current,R32,single-phase,12.5,14.5,5.6,,,"Low-load dominance prune: exact Fujitsu ARTH45KHTA/AOTH45KCTA publishes 5.6 kW minimum cooling, while the same-indoor current KBTA pairing publishes 4.0 kW. The KCTA remains a current High Performance variant; DNP is performance-based.",2026-09-18T06:13:14.927816+00:00,b893f390-fc43-4173-bafb-a3a44c00f880
917dbfb4-d055-4205-a527-506ff302c4db,Fujitsu,Fujitsu ARTH KHTA,ARTH45KHTA / AOTH45KRTA,Fujitsu ARTH45KHTA / AOTH45KRTA,current,R32,three-phase,12.50,14.00,4.0,631,4.612,three-phase system; outside intended residential installation scope.,2026-09-18T03:47:07.763869+00:00,2239b096-1bc9-4868-86d5-2a42176d7d22
65aba1d9-d38a-4a0c-9ff7-790c6a490506,Fujitsu,Fujitsu ARTH KMTAP,ARTH45KMTAP / AOTH45KBTA,Fujitsu ARTH45KMTAP / AOTH45KBTA,current,R32,single-phase,12.50,14.00,4.0,425.0,4.462,User pruning rule 2026-09-18: two confirmed strikes. Official Fujitsu AU data: EER 3.13 (bottom 10%) and minimum cooling 4.0 kW (upper-tail strike).,2026-09-18 06:44:29.844487+00,
fbdda559-bb21-43ee-b064-409835398e39,Haier,Haier Low Profile,AD100S2SM7FA / 1U100S2SN5FA,Haier AD100S2SM7FA / 1U100S2SN5FA,current,R32,single-phase,10.0,11.0,,,4.074,"Hot-region efficiency prune: residential tcspf_hot 4.074, materially below the current 9.5-11.4 kW survivor lower quartile (~4.642). EER is warning-only and not part of the DNP basis.",2026-09-18T06:04:53.02571+00:00,6c59cf49-ab75-4954-91be-66d64f158362
a7fdd916-cf0a-42ec-97dc-bc9df7746350,Haier,Haier Low Profile,AD105S2SM7FA / 1U105S5SN5FA,Haier AD105S2SM7FA / 1U105S5SN5FA,current,R32,single-phase,10.5,11.0,2.5,,4.124,"Hot-region efficiency prune: residential tcspf_hot 4.124, materially below the current 9.5-11.4 kW survivor lower quartile (~4.642). EER is warning-only and not part of the DNP basis.",2026-09-18T06:04:53.02571+00:00,3f129604-ca33-46e2-8d2e-37fb6ef45c9b
220be606-eabf-4ded-8b5b-2de7585075fa,Haier,Haier High Static,AD125S2SH5FA / 1U125S2SN5FA,Haier AD125S2SH5FA / 1U125S2SN5FA,current,R32,,,,4.0,490,4.395,"Borderline Hot-region efficiency (tcspf_hot 4.395), but DNP retained for direct same-family dominance: the exact same indoor unit with 1U125S2SP5FA has tcspf_hot 4.400, lower 3.5 kW minimum versus 4.0 kW, and the same 490 L/s low airflow. EER/AEER are warning-only.",2026-09-18T06:04:53.02571+00:00,c10c29f8-85d9-4506-94c7-31692d590183
3f8c8d93-3b98-416d-9d90-70037ac61c48,Haier,Haier High Static,AD125S2SH5FA / 1U125S2SP5FA,Haier AD125S2SH5FA / 1U125S2SP5FA,current,R32,single-phase,,,3.5,490,4.414,User pruning rule 2026-09-18: two confirmed strikes. Official Haier AU data: residential average TCSPF 4.092 (bottom 20%) and minimum airflow 490 L/s (upper 20%).,2026-09-18 06:44:29.844487+00,
60c0f383-1ca8-4709-99a8-ba0fee695367,Haier,Haier Low Profile,AD125S2SM7FA / 1U125S2SP5FA,Haier AD125S2SM7FA / 1U125S2SP5FA,current,R32,single-phase,12.0,14.0,3.5,420,3.947,"Hot-region efficiency prune: residential tcspf_hot 3.947, materially below the current 11.5-13.5 kW survivor lower quartile (~4.499). EER is warning-only and not part of the DNP basis.",2026-09-18T06:04:53.02571+00:00,3f7f0f21-d27c-4dd3-beb5-6da2b2a1bf86
53d4abee-4349-4790-a998-ca54acce42f8,Haier,Haier Low Profile,AD140S2SM7FA / 1U140S2SP5FA,Haier AD140S2SM7FA / 1U140S2SP5FA,current,R32,single-phase,13.0,15.0,3.5,420,4.134,"Hot-region efficiency prune: residential tcspf_hot 4.134, materially below the current 11.5-13.5 kW survivor lower quartile (~4.499). EER is warning-only and not part of the DNP basis.",2026-09-18T06:04:53.02571+00:00,8a60bcff-7022-4fc4-b7e0-9c8339e29c05
4d5d9214-e13e-45f9-8923-a0cd5e7388d2,Hisense,Hisense Air Q Compact,AUD-100UX4RTH1 / AUW-100U4RK1,Hisense AUD-100UX4RTH1 / AUW-100U4RK1,current,R32,single-phase,,,4.1,528,,"User pruning rule 2026-09-18: three confirmed strikes. Official Hisense AU data: EER 3.20 (bottom 10%), minimum airflow 528 L/s (upper 10%), minimum cooling 4.1 kW (upper-tail strike).",2026-09-18 06:44:29.844487+00,
28502506-98d2-4b91-8a64-4b7330b3f1e9,Hisense,Hisense Air Q Premium,AUD-125UX4RSH1 / AUW-125U4RH1,Hisense AUD-125UX4RSH1 / AUW-125U4RH1,current,R32,,13.00,17.00,6.0,710,,Official Hisense Australia brochure confirms 6.0 kW published cooling capacity-range minimum (>5.0 kW hard triage threshold).,2026-09-17 09:36:33.224367+00,
db672000-9758-49ab-a2d5-1cb89085de77,Hisense,Hisense Air Q Compact,AUD-125UX4RTH1 / AUW-125U4RQ1,Hisense AUD-125UX4RTH1 / AUW-125U4RQ1,current,R32,,,,4.2,612,4.22,"Hot-region DNP retained: tcspf_hot 4.22 is below the current 11.5-13.5 kW survivor lower quartile (~4.499), and the system is directly weaker on low-load engineering than 12.5 kW alternatives (4.2 kW minimum and 612 L/s low airflow). EER is warning-only.",2026-09-18T06:04:53.02571+00:00,84a420ab-683e-4a84-94a9-3ef7efc7420f
3ff2d179-b40b-41e3-a856-507db4af0bbd,Hisense,Hisense Air Q Compact,AUD-85UX4RTH1 / AUW-85U4RK1,Hisense AUD-85UX4RTH1 / AUW-85U4RK1,current,R32,,,,4.1,528,4.601,"Borderline Hot-region efficiency (tcspf_hot 4.601 versus current 8-9.4 kW survivor lower quartile ~4.717), but DNP retained for direct low-load dominance: comparable Fujitsu 8.5 kW survivor has tcspf_hot 4.695, 2.8 kW minimum versus 4.1 kW, and 486 L/s minimum airflow versus 528 L/s. EER is warning-only.",2026-09-18T06:04:53.02571+00:00,e85a6d0e-00d8-49f7-99ac-a65d9ce60791
7a9a4e45-97dd-4028-bc65-48ebb490c922,Hitachi,Hitachi airCore 700,PPIH-4.0UFA1NQ / PAS-4.0UFASMQ1,Hitachi PPIH-4.0UFA1NQ / PAS-4.0UFASMQ1,current,R32,three-phase,10.00,12.00,3.2,421.0,4.83,three-phase system; outside intended residential installation scope.,2026-09-18T03:47:07.763869+00:00,b9c047f6-1013-471d-8ed1-715b6318f3ee
e0164be1-86ff-40a9-b9e0-9412052cff4f,Hitachi,Hitachi airCore 700,PPIH-5.0UFA1NQ / PAS-5.0UFASMQ1,Hitachi PPIH-5.0UFA1NQ / PAS-5.0UFASMQ1,current,R32,three-phase,12.50,14.20,4.0,500.0,4.83,three-phase system; outside intended residential installation scope.,2026-09-18T03:47:07.763869+00:00,a45c63b5-b99d-40be-a329-3300bcf18bf0
94e0ef8a-e330-4660-ba90-113d910375f6,Hitachi,Hitachi airCore 700,PPIH-5.0UFA1NQ / PAS-5.0UFASNQ1,Hitachi PPIH-5.0UFA1NQ / PAS-5.0UFASNQ1,current,R32,single-phase,12.50,14.20,4.0,500.0,5.14,User pruning rule 2026-09-18: two confirmed low-load strikes. Official Hitachi/Temperzone AU data: minimum cooling 4.0 kW and minimum airflow 500 L/s (upper 20%).,2026-09-18 06:44:29.844487+00,
17d13e53-a83b-45f1-b323-9e7ca3e3582a,Hitachi,Hitachi airCore 700,PPIM-4.0UFA1NQ / PAS-4.0UFASMQ1,Hitachi PPIM-4.0UFA1NQ / PAS-4.0UFASMQ1,current,R32,three-phase,10.00,12.00,3.2,350,,three-phase system; outside intended residential installation scope.,2026-09-18T03:47:07.763869+00:00,449fcb7f-ebee-4b42-b641-c111e411abb8
b9e88792-7ae7-4a5a-93a1-c53209fdde23,Hitachi,Hitachi airCore 700,PPIM-5.0UFA1NQ / PAS-5.0UFASMQ1,Hitachi PPIM-5.0UFA1NQ / PAS-5.0UFASMQ1,current,R32,three-phase,12.50,14.20,4.0,360,5.03,three-phase system; outside intended residential installation scope.,2026-09-18T03:47:07.763869+00:00,4cce289d-115c-4502-9272-6584c3100d75
488b40a1-cbf7-4ab4-8a5d-493207a525a8,LG,LG UHS High Efficiency R32,UHS100SHSET,LG UHS100SHSET,current,R32,,,,5.1,,,Official LG Australia current product page confirms cooling minimum 5.1 kW (>5.0 kW hard triage threshold); exact indoor/outdoor component codes still need decomposition.,,
e0a35eda-35b9-40d0-9aab-7e80be1a9f3c,MHI,MHI FDU slimline,FDU100VH / FDCA100VSA-W,MHI FDU100VH / FDCA100VSA-W,current,R32,three-phase,10.00,11.20,4.0,317,,3-phase system; excluded from new-install candidate research.,2026-09-18T03:32:51.233376+00:00,13b0e685-31af-4676-bb67-6474b8426f73
b1c87475-4029-40ca-aeaa-55d9885da4c2,MHI,MHI FDU slimline,FDU125VH / FDC125VNP-W,MHI FDU125VH / FDC125VNP-W,current,,,12.10,12.10,5.0,,,"published cooling minimum >4.5 kW; retained, not removed",,
1ff9e84f-f1ca-46b2-800e-bb455df20891,MHI,MHI FDU slimline,FDU125VH / FDCA125VNX-W,MHI FDU125VH / FDCA125VNX-W,current,R32,single-phase,12.50,14.00,3.5,333,4.444,"Pruned 2026-09-18 after low-load/control review: official MHI data show 3.5 kW minimum cooling and 333 L/s minimum airflow, but project evidence records TCSPF average 3.973 and native zoning guidance requiring a common/automatic spill zone sized for 50% of total airflow. Stronger 12-13 kW survivors offer better small-zone fit.",2026-09-18 06:50:55.431937+00,
1fb3c225-96ed-4121-a6ac-571b602bf16d,MHI,MHI FDU slimline,FDU125VH / FDCA125VSX-W,MHI FDU125VH / FDCA125VSX-W,current,R32,three-phase,12.50,14.00,3.5,333,,3-phase system; excluded from new-install candidate research.,2026-09-18T03:32:51.233376+00:00,f21b792a-3e15-438f-b0da-e147209da4aa
c5aba775-b4e9-4bc2-ab94-171ca011721d,MHI,MHI FDUA,FDUA100VH / FDCA100VSA-W,MHI FDUA100VH / FDCA100VSA-W,current,R32,three-phase,10.00,11.20,4.0,,,3-phase system; excluded from new-install candidate research.,2026-09-18T03:32:51.233376+00:00,cddd7e2e-c433-4c65-80a4-b541312b8d03
76614480-2e37-489c-a97f-3ec4014bc7b9,MHI,MHI FDUA,FDUA125VH / FDCA125VSX-W,MHI FDUA125VH / FDCA125VSX-W,current,R32,three-phase,12.50,14.00,3.5,,,3-phase system; excluded from new-install candidate research.,2026-09-18T03:32:51.233376+00:00,f17ebedb-3165-4f45-b491-9f521f3154b6
ea0087ea-62e6-4c3e-b81c-fa4ebf641414,Midea,Midea R32 Ducted,DUCIM1015HB / UCMI105OB,Midea DUCIM1015HB / UCMI105OB,unknown,,,,,,,,Invalid transcription/duplicate entity; not an exact sellable system identity.,2026-09-18T03:31:29.275415+00:00,
9f675906-6d58-470b-bfd8-bae7113b5d47,Midea,Midea R32 Ducted,DUCIM1215HB / UCMI125OB,Midea DUCIM1215HB / UCMI125OB,unknown,,,,,,,,Invalid transcription/duplicate entity; not an exact sellable system identity.,2026-09-18T03:31:29.275415+00:00,
896cb11d-59e4-4dcb-bf9b-8f612eea1d83,Mitsubishi Electric,Mitsubishi Electric PEA-M-GAA,PEA-M100GAA / PUZ-ZM100VKA-A,Mitsubishi Electric PEA-M100GAA / PUZ-ZM100VKA-A,current,,,10.0,11.4,,,,"Official AU manufacturer data: R32 but minimum indoor airflow 567 L/s and cooling minimum 4.0-4.9 kW depending outdoor; unremarkable for low-load/small-zone objective; retained, not removed",2026-09-17T04:55:00.433375+00:00,
ef2fa1a9-a037-4497-94c6-21bfb60986a3,Mitsubishi Electric,Mitsubishi Electric PEA-M-GAA,PEA-M100GAA / PUZ-ZM100YKA-A,Mitsubishi Electric PEA-M100GAA / PUZ-ZM100YKA-A,current,,,10.0,11.4,,,,"Official AU manufacturer data: R32 but minimum indoor airflow 567 L/s and cooling minimum 4.0-4.9 kW depending outdoor; unremarkable for low-load/small-zone objective; retained, not removed",2026-09-17T04:55:00.433375+00:00,
06a1b4b4-2750-4788-9dc3-3cd362371243,Mitsubishi Electric,Mitsubishi Electric PEA-M-HAA,PEA-M100HAA / PUZ-M100VKA-A,Mitsubishi Electric PEA-M100HAA / PUZ-M100VKA-A,current,R32,single-phase,10.0,10.6,4.0,500,4.73,"Low-load dominance prune: Mitsubishi Electric PEA-M100HAA/PUZ-M100VKA-A publishes 4.0 kW minimum cooling and 500 L/s minimum airflow with TCSPF average 4.03. Comparable current ~10 kW survivors materially outperform it for this project objective, including ActronAir ASPIRE 10.2 kW (2.3 kW minimum, 139 L/s, TCSPF 5.003) and Rinnai 10.5 kW (2.61 kW, 167 L/s, TCSPF 5.241).",2026-09-18T06:13:14.927816+00:00,7b34700a-b566-4092-ae53-2808ce552905
5e6b263b-5a5e-4b65-8082-6e1cbe6b9623,Mitsubishi Electric,Mitsubishi Electric PEA-M-HAA,PEA-M100HAA / PUZ-ZM100VKA-A,Mitsubishi Electric PEA-M100HAA / PUZ-ZM100VKA-A,current,R32,single-phase,10.0,11.4,4.9,500,,"Low-load dominance prune: Mitsubishi Electric PEA-M100HAA/PUZ-ZM100VKA-A publishes 4.9 kW minimum cooling and 500 L/s minimum airflow. Multiple current ~10 kW ducted survivors have substantially lower minimum capacity and airflow, including ActronAir ASPIRE and Rinnai B1A; no compensating low-load advantage is evident.",2026-09-18T06:13:14.927816+00:00,6dec745b-5ad3-4eda-bd6e-8f5597e8ee16
7ed8c32f-5aed-4e51-aad1-98417a191235,Mitsubishi Electric,Mitsubishi Electric PEA-M-HAA,PEA-M100HAA / PUZ-ZM100YKA2-A,Mitsubishi Electric PEA-M100HAA / PUZ-ZM100YKA2-A,current,R32,three-phase,10.0,11.4,4.9,500,,3-phase system; excluded from new-install candidate research.,2026-09-18T03:32:51.233376+00:00,86bc8c41-ceae-4438-8b47-2f8fac4ffca6
9d666f68-57da-4a98-9134-7242a4b0bb28,Mitsubishi Electric,Mitsubishi Electric PEA-M-GAA,PEA-M125GAA / PUZ-M125VKA,Mitsubishi Electric PEA-M125GAA / PUZ-M125VKA,current,,,12.0,13.5,6.0,800.0,,"official AU data: published cooling minimum >5.2 kW AND minimum indoor airflow >400 L/s; poor low-load/small-zone fit; retained, not removed",,
31a96456-18d3-4fda-a574-8b405854d2ad,Mitsubishi Electric,Mitsubishi Electric PEA-M-GAA,PEA-M125GAA / PUZ-ZM125VKA-A,Mitsubishi Electric PEA-M125GAA / PUZ-ZM125VKA-A,current,,,12.5,14.0,5.5,800.0,,"official AU data: published cooling minimum >5.2 kW AND minimum indoor airflow >400 L/s; poor low-load/small-zone fit; retained, not removed",,
61dacd7c-1f4e-4bec-ab3a-911086f59a9a,Mitsubishi Electric,Mitsubishi Electric PEA-M-GAA,PEA-M125GAA / PUZ-ZM125YKA-A,Mitsubishi Electric PEA-M125GAA / PUZ-ZM125YKA-A,current,,,12.5,14.0,5.5,800.0,,"official AU data: published cooling minimum >5.2 kW AND minimum indoor airflow >400 L/s; poor low-load/small-zone fit; retained, not removed",,
d12c9dab-3bfd-417e-b075-e67b0c3aa834,Mitsubishi Electric,Mitsubishi Electric PEA-M-HAA,PEA-M125HAA / PUZ-M125VKA-A,Mitsubishi Electric PEA-M125HAA / PUZ-M125VKA-A,current,,,12.0,13.5,,,,"Official AU manufacturer data: published cooling minimum >5.0 kW; retained, not removed",,
fa256334-6e99-4b71-b77a-ce2252279db7,Mitsubishi Electric,Mitsubishi Electric PEA-M-HAA,PEA-M125HAA / PUZ-ZM125VKA-A,Mitsubishi Electric PEA-M125HAA / PUZ-ZM125VKA-A,current,,,12.5,14.0,,,,"Official AU manufacturer data: published cooling minimum >5.0 kW; retained, not removed",,
148e9359-6fee-4af9-90c0-05fd15d3e3de,Mitsubishi Electric,Mitsubishi Electric PEA-M-HAA,PEA-M125HAA / PUZ-ZM125YKA-A,Mitsubishi Electric PEA-M125HAA / PUZ-ZM125YKA-A,current,,,12.5,14.0,,,,"Official AU manufacturer data: published cooling minimum >5.0 kW; retained, not removed",,
0599543f-53a6-43a2-80ad-57b07c99f007,Mitsubishi Electric,Mitsubishi Electric PEAD-M,PEAD-M100JAAD / PUZ-M100VKA,Mitsubishi Electric PEAD-M100JAAD / PUZ-M100VKA,current,R32,single-phase,,,4.0,400,,"Low-load dominance prune: Mitsubishi Electric PEAD-M100JAAD/PUZ-M100VKA publishes 4.0 kW minimum cooling and 400 L/s minimum airflow. Comparable current ~10 kW ducted survivors materially improve both low-load capacity and airflow, including ActronAir ASPIRE 10.2 kW (2.3 kW, 139 L/s) and Rinnai 10.5 kW (2.61 kW, 167 L/s).",2026-09-18T06:13:14.927816+00:00,f33755e2-0808-4eb6-bc69-7e55c8ebb348
bc860a64-5c4f-4a8b-860b-24f35b6883b4,Mitsubishi Electric,Mitsubishi Electric PEAD-M,PEAD-M100JAAD / PUZ-ZM100VKA-A,Mitsubishi Electric PEAD-M100JAAD / PUZ-ZM100VKA-A,current,R32,single-phase,,,4.9,400,,Low-load dominance prune: Mitsubishi Electric PEAD-M100JAAD/PUZ-ZM100VKA-A publishes 4.9 kW minimum cooling and 400 L/s minimum airflow. Comparable current ~10 kW ducted survivors materially improve both measures; no compensating low-load advantage is evident.,2026-09-18T06:13:14.927816+00:00,70b174a2-9774-4f34-aeee-e3f3ca4a3843
f7a43b38-3bd9-4c30-8568-a2164d9ec2c0,Mitsubishi Electric,Mitsubishi Electric PEAD-M,PEAD-M100JAAD / PUZ-ZM100YKA-A,Mitsubishi Electric PEAD-M100JAAD / PUZ-ZM100YKA-A,current,R32,three-phase,,,4.9,400,,3-phase system; excluded from new-install candidate research.,2026-09-18T03:32:51.233376+00:00,0e3af964-f450-46bc-a0ad-db852c4f72d1
9adfa0f9-a958-417f-8a79-e55040500bea,Mitsubishi Electric,Mitsubishi Electric PEAD-M,PEAD-M125JAAD / PUZ-M125VKA,Mitsubishi Electric PEAD-M125JAAD / PUZ-M125VKA,current,,,,,,,,"official Australian manufacturer specification: published cooling capacity minimum >5.0 kW; retained, not removed",2026-09-17T04:47:05.958421+00:00,
973f20b2-45a9-4761-8d1b-3cc3cf744601,Mitsubishi Electric,Mitsubishi Electric PEAD-M,PEAD-M125JAAD / PUZ-ZM125VKA-A,Mitsubishi Electric PEAD-M125JAAD / PUZ-ZM125VKA-A,current,,,,,,,,"official Australian manufacturer specification: published cooling capacity minimum >5.0 kW; retained, not removed",2026-09-17T04:47:05.958421+00:00,
79ec036b-1ebe-4161-a3cf-38c370cd040f,Mitsubishi Electric,Mitsubishi Electric PEAD-M,PEAD-M125JAAD / PUZ-ZM125YKA-A,Mitsubishi Electric PEAD-M125JAAD / PUZ-ZM125YKA-A,current,,,,,,,,"official Australian manufacturer specification: published cooling capacity minimum >5.0 kW; retained, not removed",2026-09-17T04:47:05.958421+00:00,
10e25347-7768-48ed-8aab-6ac45a011791,Panasonic,Panasonic PE4,S-100PE4R / U-100PZ4R5,Panasonic S-100PE4R / U-100PZ4R5,current,R32,single-phase,9.50,11.00,3.0,483,,"User pruning rule 2026-09-18: two confirmed efficiency strikes. Official Panasonic AU data: residential average TCSPF 4.09 and EER 3.17, both bottom 10%.",2026-09-18 06:44:29.844487+00,
8472a978-69c0-4d0b-bb17-70e2b1d849b9,Panasonic,Panasonic PE4,S-100PE4R / U-100PZ4R8,Panasonic S-100PE4R / U-100PZ4R8,current,R32,three-phase,10.00,11.50,2.7,483,5.02,3-phase system; excluded from new-install candidate research.,2026-09-18T03:32:51.233376+00:00,203e5571-2909-47ad-8d9e-85841715de06
e299bbbf-a726-40e7-8797-a0afef730e48,Panasonic,Panasonic PE4,S-100PE4R / U-100PZH3R8,Panasonic S-100PE4R / U-100PZH3R8,current,R32,three-phase,10.00,12.50,3.1,483,,3-phase system; excluded from new-install candidate research.,2026-09-18T03:32:51.233376+00:00,d9331572-1fcb-45b4-9ac0-3a1b18b7a520
c16f8275-fe4b-4e5a-9888-5df791417e41,Panasonic,Panasonic PF3,S-1014PF3E / U-100PZ4R8,Panasonic S-1014PF3E / U-100PZ4R8,current,R32,three-phase,9.50,11.40,,350,5.23,3-phase system; excluded from new-install candidate research.,2026-09-18T03:32:51.233376+00:00,f6a33a18-cd92-46c7-97a7-0d43ffae1522
84006f31-e3c6-4a66-9029-c29d65a093ed,Panasonic,Panasonic PF3,S-1014PF3E / U-100PZH3R8,Panasonic S-1014PF3E / U-100PZH3R8,current,R32,three-phase,9.50,11.50,,350,,3-phase system; excluded from new-install candidate research.,2026-09-18T03:32:51.233376+00:00,a0239f76-0b42-4e8b-b787-c8638254548f
caed1fcb-6318-405c-a320-b22940743a46,Panasonic,Panasonic PF3,S-1014PF3E / U-125PZ4R8,Panasonic S-1014PF3E / U-125PZ4R8,current,R32,three-phase,12.10,13.50,,384,4.96,3-phase system; excluded from new-install candidate research.,2026-09-18T03:32:51.233376+00:00,a12f3897-fc02-43f0-8591-3dae3ae4a941
e3607419-981f-4ddd-91cd-0fe342b482c9,Panasonic,Panasonic PF3,S-1014PF3E / U-125PZH3R8,Panasonic S-1014PF3E / U-125PZH3R8,current,R32,three-phase,12.10,13.50,,384,5.37,3-phase system; excluded from new-install candidate research.,2026-09-18T03:32:51.233376+00:00,1d7573e3-3151-4187-8b27-ebe5b25e505b
8daec69e-0b87-4d09-be96-3c40d755e584,Panasonic,Panasonic PE4,S-125PE4R / U-125PZ4R5,Panasonic S-125PE4R / U-125PZ4R5,current,R32,single-phase,12.50,13.50,3.2,600,,"Pruned 2026-09-18 after sibling review: official Panasonic data show 600 L/s minimum airflow, EER 3.55 and TCSPF average 4.54. Deluxe U-125PZH3R5 sibling has the same 3.2 kW minimum and 600 L/s airflow but materially better EER 3.79 and TCSPF 4.93, so PZ4R is dominated.",2026-09-18 06:50:55.431937+00,
ff3ded3a-9a28-417b-860e-e2d51c0b4ce2,Panasonic,Panasonic PE4,S-125PE4R / U-125PZ4R8,Panasonic S-125PE4R / U-125PZ4R8,current,R32,three-phase,12.50,13.50,3.3,600,5.05,3-phase system; excluded from new-install candidate research.,2026-09-18T03:32:51.233376+00:00,a2e48818-11c9-457a-9981-fdc67922af6a
3d016ff4-8907-4fd6-b2c6-370832a9ce32,Panasonic,Panasonic PE4,S-125PE4R / U-125PZH3R8,Panasonic S-125PE4R / U-125PZH3R8,current,R32,three-phase,12.50,14.00,3.2,600,5.53,3-phase system; excluded from new-install candidate research.,2026-09-18T03:32:51.233376+00:00,c67e331a-7811-47a1-8cd2-1a8fdad72372
5e7ebc7c-6907-419e-a8f4-2ec92b4ebcbb,Samsung,Samsung Ducted R32,AC090HEHDKG/SA / AC090HCADKG/SA,Samsung AC090HEHDKG/SA / AC090HCADKG/SA,current,R32,single-phase,8.5,11.5,,,4.004,Official Samsung Australia exact product page says Not for sale; excluded from new-install candidate research.,2026-09-18T05:00:43.673832+00:00,88e97360-b0dd-4588-8d75-b607f2dfaba6
48469d45-dde4-4c02-9cd0-45ef8bd5b5f9,Samsung,Samsung Ducted R32,AC090TNHDKG/SA / AC090TXAPKG/SA,Samsung AC090TNHDKG/SA / AC090TXAPKG/SA,current,R32,single-phase,8.5,11.5,3.0,370,,Official Samsung Australia exact outdoor-unit page says Not for sale for the exact paired outdoor unit; excluded from new-install candidate research.,2026-09-18T05:00:43.673832+00:00,82a173ec-1e5c-421c-8e6f-2a28b0285961
439c0c87-eb27-47c5-9f3e-da890b34ca4b,Samsung,Samsung Ducted R32,AC100HEHPKG/SA / AC100HCADKG/SA,Samsung AC100HEHPKG/SA / AC100HCADKG/SA,current,R32,single-phase,10.0,12.0,,,4.581,Official Samsung Australia exact product page says Not for sale; excluded from new-install candidate research.,2026-09-18T05:00:43.673832+00:00,ee58b05f-3bdc-40ac-9169-b1984c79de90
b655738f-d9a7-4ca6-a5a0-93e902c89110,Samsung,Samsung Ducted R32,AC100TNHDKG/SA / AC100TXAPKG/SA,Samsung AC100TNHDKG/SA / AC100TXAPKG/SA,current,R32,single-phase,10.0,12.0,4.3,450,,Official Samsung Australia exact outdoor-unit page says Not for sale for the exact paired outdoor unit; excluded from new-install candidate research.,2026-09-18T05:00:43.673832+00:00,0f8c9648-40b5-45a3-95d3-00288a0eec8d
22fa217d-07b7-4fa1-8e68-a8370abb26c0,Samsung,Samsung Ducted R32,AC100TNHDKG/SA / AC100TXAPNG/SA,Samsung AC100TNHDKG/SA / AC100TXAPNG/SA,current,R32,three-phase,10.0,12.0,4.3,450,,three-phase system; outside intended residential installation scope.,2026-09-18T03:47:07.763869+00:00,f6cdbe21-5ca9-4365-a821-5ea2ccb8b9ed
acdc0800-13dc-497f-8c15-26b7a78f88d6,Samsung,Samsung Ducted R32,AC120HEHFKG/SA / AC120HCAPKG/SA,Samsung AC120HEHFKG/SA / AC120HCAPKG/SA,current,R32,single-phase,,,5.2,600,4.700,Official Samsung Australia exact product page says Not for sale; excluded from new-install candidate research.,2026-09-18T05:00:43.673832+00:00,4188f372-0f87-471f-9edb-941cc3bbe8c0
209d3d2b-51ec-4e4c-8e3b-24dc6d0fc38c,Samsung,Samsung Ducted R32,AC120TNHDKG/SA / AC120TXAPKG/SA,Samsung AC120TNHDKG/SA / AC120TXAPKG/SA,current,R32,single-phase,12.0,14.0,4.5,500,,Official Samsung Australia exact system page says Not for sale; excluded from new-install candidate research.,2026-09-18T05:00:43.673832+00:00,a7bc33b2-858b-4a95-8a88-cbeddf637926
e94895ac-b504-4d99-b543-60829cf5fb61,Samsung,Samsung Ducted R32,AC120TNHDKG/SA / AC120TXAPNG/SA,Samsung AC120TNHDKG/SA / AC120TXAPNG/SA,current,R32,three-phase,12.0,14.0,4.5,500,,three-phase system; outside intended residential installation scope.,2026-09-18T03:47:07.763869+00:00,8e5e7474-7f2f-44c2-8264-c6143ce0d583
750cca0d-9b03-49c3-9d52-a424628ec2e6,Samsung,Samsung Ducted R32,AC120TNHPKG/SA / AC120TXAPKG/SA,Samsung AC120TNHPKG/SA / AC120TXAPKG/SA,current,R32,,12.5,16.5,,,,"Official Samsung Australia exact-model data publishes cooling Min/Std/Max 5.2/12.5/16.5 kW; 5.2 kW minimum exceeds the Stage-2 >5.0 kW hard triage threshold. Retained, not removed.",2026-09-18T02:24:58.6736+00:00,
4e77e297-96b6-45f3-a73b-47df0f6a959f,TECO,TECO R410A Ducted,TDS105HVDM / TSO105HVDM,TECO TDS105HVDM / TSO105HVDM,current,R410A,,10.50,12.50,4.2,361,,R410A system; excluded from new-install candidate research.,2026-09-18T03:23:42.898799+00:00,cfb43d92-3c3b-4ce2-8c3a-007bf18eab7c
6d30c7dd-6001-4f00-ac29-26ba12c5bf9c,TECO,TECO R32 Ducted,TDS125HVSWDG / TSO125HVWDG,TECO TDS125HVSWDG / TSO125HVWDG,current,R32,single-phase,,,3.6,500,,"Pruned 2026-09-18 after engineering review: official TECO data show 3.6 kW minimum cooling, 500 L/s minimum airflow and EER 3.3967. No compensating low-load or efficiency advantage versus stronger 12-13 kW survivors.",2026-09-18 06:50:55.431937+00,
46112ddb-4a13-4332-bc89-4d0b6da888fb,TECO,TECO R410A Ducted,TDS130HVDM / TSO130HVDM,TECO TDS130HVDM / TSO130HVDM,current,R410A,,13.00,15.50,5.0,639,,"Official TECO Australia data: 5.0 kW published cooling minimum, 639 L/s Low airflow, R410A and EER 3.43; clearly dominated for low-load/small-zone objective by current 12–13 kW R32 systems with materially lower minimum capacity and airflow and comparable/better efficiency.",2026-09-17 09:40:15.407398+00,
51671e6c-19da-498f-ba87-6fab23b09c64,Toshiba,Toshiba RAV-GM DTP/BTP,RAV-GM1101BTP-A / RAV-GP1101AT8P-A,Toshiba RAV-GM1101BTP-A / RAV-GP1101AT8P-A,current,R32,three-phase,10.0,12.0,2.6,361.0,,3-phase system; excluded from new-install candidate research.,2026-09-18T03:32:51.233376+00:00,78375105-aa52-44b0-9253-8eea3919f042
f52fe7de-88e1-4fe2-b090-645a033e4816,Toshiba,Toshiba RAV-GM DTP/BTP,RAV-GM1101DTP-A1 / RAV-GM1101ATP-A,Toshiba RAV-GM1101DTP-A1 / RAV-GM1101ATP-A,current,R32,single-phase,,,3.0,466,,"Pruned 2026-09-18 after Toshiba sibling review: official Toshiba AU data show 466 L/s low airflow, 3.0 kW minimum cooling and EER 3.53. The same-capacity high-static GP outdoor variant is stronger, and mid-static BTP alternatives have much lower airflow.",2026-09-18 06:50:55.431937+00,
17921322-2244-49c6-a9fb-4e06cdd431c8,Toshiba,Toshiba RAV-GM DTP/BTP,RAV-GM1101DTP-A1 / RAV-GP1101AT8P-A,Toshiba RAV-GM1101DTP-A1 / RAV-GP1101AT8P-A,current,,three-phase,,,,,,3-phase system; excluded from new-install candidate research.,2026-09-18T03:32:51.233376+00:00,a4ab1461-7918-42d5-97ca-b60d4136a278
4cc619d1-6bc2-4e98-9e88-502959c4160a,Toshiba,Toshiba RAV-GM DTP/BTP,RAV-GM1401BTP-A / RAV-GP1401AT8P-A,Toshiba RAV-GM1401BTP-A / RAV-GP1401AT8P-A,current,R32,three-phase,12.5,14.0,2.6,416.0,,3-phase system; excluded from new-install candidate research.,2026-09-18T03:32:51.233376+00:00,f77b07d8-32f8-4b78-9014-0d7cb859b16d
a39033a8-d579-4e95-9f12-0e980bef5518,Toshiba,Toshiba RAV-GM DTP/BTP,RAV-GM1401DTP-A / RAV-GP1401AT8P-A,Toshiba RAV-GM1401DTP-A / RAV-GP1401AT8P-A,current,R32,three-phase,12.5,14.0,,,,3-phase system; excluded from new-install candidate research.,2026-09-18T03:32:51.233376+00:00,9d3232ec-4673-46a3-b60b-b92183fe5e32
30ba3e08-7494-4845-a089-e14f72d0a6d5,Toshiba,Toshiba RAV-GM DTP/BTP,RAV-GM1401DTP-A1 / RAV-GM1401ATP-A,Toshiba RAV-GM1401DTP-A1 / RAV-GM1401ATP-A,current,R32,single-phase,,,3.0,569,,"Pruned 2026-09-18 after Toshiba sibling review: official Toshiba AU data show 569 L/s low airflow, 3.0 kW minimum cooling and EER 3.27. This is weak for small-zone operation and inferior to both GP outdoor and lower-airflow BTP alternatives.",2026-09-18 06:50:55.431937+00,
d20d6aec-8ba2-4ecb-88a9-b939f13ec8a0,Toshiba,Toshiba RAV-GM DTP/BTP,RAV-GM1401DTP-A1 / RAV-GP1401AT8P-A,Toshiba RAV-GM1401DTP-A1 / RAV-GP1401AT8P-A,current,,three-phase,,,,,,3-phase system; excluded from new-install candidate research.,2026-09-18T03:32:51.233376+00:00,5d153ebd-a4b9-47ca-9611-b0c0f80c205d
2ae92bce-6d7a-4471-80e6-553e62d15900,Toshiba,Toshiba RAV-GM DTP/BTP,RAV-GM1401DTP-A1 / RAV-GP1401ATP-A,Toshiba RAV-GM1401DTP-A1 / RAV-GP1401ATP-A,current,R32,single-phase,,,2.6,569,,"Pruned 2026-09-18 after Toshiba sibling review: although GP improves minimum cooling to 2.6 kW and EER to 3.54, official Toshiba data still require 569 L/s low airflow; lower-airflow BTP/GP pairing preserves the same 2.6 kW minimum with better small-zone fit.",2026-09-18 06:50:55.431937+00,
